msme_id,loan_id,observation_month,stress_12m
MSME001,LN-MSME001-001,0,0
MSME001,LN-MSME001-001,1,0
MSME001,LN-MSME001-001,2,0
MSME001,LN-MSME001-001,3,0
MSME001,LN-MSME001-001,4,0
MSME001,LN-MSME001-001,5,0
MSME001,LN-MSME001-001,6,0
MSME001,LN-MSME001-001,7,0
MSME001,LN-MSME001-001,8,0
MSME001,LN-MSME001-001,9,0
MSME001,LN-MSME001-001,10,0
MSME001,LN-MSME001-001,11,0
MSME001,LN-MSME001-001,12,0
MSME001,LN-MSME001-001,13,0
MSME001,LN-MSME001-001,14,0
MSME001,LN-MSME001-001,15,0
MSME001,LN-MSME001-001,16,0
MSME001,LN-MSME001-001,17,0
MSME001,LN-MSME001-001,18,0
MSME001,LN-MSME001-001,19,0
MSME001,LN-MSME001-001,20,0
MSME001,LN-MSME001-001,21,0
MSME001,LN-MSME001-001,22,0
MSME001,LN-MSME001-001,23,0
MSME002,LN-MSME002-001,0,0
MSME002,LN-MSME002-001,1,0
MSME002,LN-MSME002-001,2,0
MSME002,LN-MSME002-001,3,0
MSME002,LN-MSME002-001,4,0
MSME002,LN-MSME002-001,5,0
MSME002,LN-MSME002-001,6,0
MSME002,LN-MSME002-001,7,0
MSME002,LN-MSME002-001,8,0
MSME002,LN-MSME002-001,9,0
MSME002,LN-MSME002-001,10,0
MSME002,LN-MSME002-001,11,0
MSME002,LN-MSME002-001,12,0
MSME002,LN-MSME002-001,13,0
MSME002,LN-MSME002-001,14,0
MSME002,LN-MSME002-001,15,0
MSME002,LN-MSME002-001,16,0
MSME002,LN-MSME002-001,17,0
MSME002,LN-MSME002-001,18,0
MSME002,LN-MSME002-001,19,0
MSME002,LN-MSME002-001,20,0
MSME002,LN-MSME002-001,21,0
MSME002,LN-MSME002-001,22,0
MSME002,LN-MSME002-001,23,0
MSME003,LN-MSME003-001,0,0
MSME003,LN-MSME003-001,1,0
MSME003,LN-MSME003-001,2,1
MSME003,LN-MSME003-001,3,1
MSME003,LN-MSME003-001,4,1
MSME003,LN-MSME003-001,5,1
MSME003,LN-MSME003-001,6,1
MSME003,LN-MSME003-001,7,1
MSME003,LN-MSME003-001,8,1
MSME003,LN-MSME003-001,9,1
MSME003,LN-MSME003-001,10,1
MSME003,LN-MSME003-001,11,1
MSME003,LN-MSME003-001,12,1
MSME003,LN-MSME003-001,13,1
MSME003,LN-MSME003-001,14,1
MSME003,LN-MSME003-001,15,1
MSME003,LN-MSME003-001,16,1
MSME003,LN-MSME003-001,17,1
MSME003,LN-MSME003-001,18,1
MSME003,LN-MSME003-001,19,1
MSME003,LN-MSME003-001,20,1
MSME003,LN-MSME003-001,21,1
MSME003,LN-MSME003-001,22,1
MSME003,LN-MSME003-001,23,0
MSME004,LN-MSME004-001,0,0
MSME004,LN-MSME004-001,1,0
MSME004,LN-MSME004-001,2,0
MSME004,LN-MSME004-001,3,0
MSME004,LN-MSME004-001,4,0
MSME004,LN-MSME004-001,5,0
MSME004,LN-MSME004-001,6,0
MSME004,LN-MSME004-001,7,0
MSME004,LN-MSME004-001,8,0
MSME004,LN-MSME004-001,9,0
MSME004,LN-MSME004-001,10,0
MSME004,LN-MSME004-001,11,0
MSME004,LN-MSME004-001,12,0
MSME004,LN-MSME004-001,13,0
MSME004,LN-MSME004-001,14,0
MSME004,LN-MSME004-001,15,0
MSME004,LN-MSME004-001,16,0
MSME004,LN-MSME004-001,17,0
MSME004,LN-MSME004-001,18,0
MSME004,LN-MSME004-001,19,0
MSME004,LN-MSME004-001,20,0
MSME004,LN-MSME004-001,21,0
MSME004,LN-MSME004-001,22,0
MSME004,LN-MSME004-001,23,0
MSME005,LN-MSME005-001,0,0
MSME005,LN-MSME005-001,1,0
MSME005,LN-MSME005-001,2,0
MSME005,LN-MSME005-001,3,0
MSME005,LN-MSME005-001,4,0
MSME005,LN-MSME005-001,5,0
MSME005,LN-MSME005-001,6,0
MSME005,LN-MSME005-001,7,0
MSME005,LN-MSME005-001,8,0
MSME005,LN-MSME005-001,9,0
MSME005,LN-MSME005-001,10,0
MSME005,LN-MSME005-001,11,0
MSME005,LN-MSME005-001,12,0
MSME005,LN-MSME005-001,13,0
MSME005,LN-MSME005-001,14,0
MSME005,LN-MSME005-001,15,0
MSME005,LN-MSME005-001,16,0
MSME005,LN-MSME005-001,17,0
MSME005,LN-MSME005-001,18,0
MSME005,LN-MSME005-001,19,0
MSME005,LN-MSME005-001,20,0
MSME005,LN-MSME005-001,21,0
MSME005,LN-MSME005-001,22,0
MSME005,LN-MSME005-001,23,0
MSME006,LN-MSME006-001,0,0
MSME006,LN-MSME006-001,1,0
MSME006,LN-MSME006-001,2,0
MSME006,LN-MSME006-001,3,0
MSME006,LN-MSME006-001,4,0
MSME006,LN-MSME006-001,5,0
MSME006,LN-MSME006-001,6,0
MSME006,LN-MSME006-001,7,0
MSME006,LN-MSME006-001,8,0
MSME006,LN-MSME006-001,9,0
MSME006,LN-MSME006-001,10,0
MSME006,LN-MSME006-001,11,0
MSME006,LN-MSME006-001,12,0
MSME006,LN-MSME006-001,13,0
MSME006,LN-MSME006-001,14,0
MSME006,LN-MSME006-001,15,0
MSME006,LN-MSME006-001,16,0
MSME006,LN-MSME006-001,17,0
MSME006,LN-MSME006-001,18,0
MSME006,LN-MSME006-001,19,0
MSME006,LN-MSME006-001,20,0
MSME006,LN-MSME006-001,21,0
MSME006,LN-MSME006-001,22,0
MSME006,LN-MSME006-001,23,0
MSME007,LN-MSME007-001,0,0
MSME007,LN-MSME007-001,1,0
MSME007,LN-MSME007-001,2,0
MSME007,LN-MSME007-001,3,0
MSME007,LN-MSME007-001,4,0
MSME007,LN-MSME007-001,5,0
MSME007,LN-MSME007-001,6,0
MSME007,LN-MSME007-001,7,0
MSME007,LN-MSME007-001,8,0
MSME007,LN-MSME007-001,9,0
MSME007,LN-MSME007-001,10,0
MSME007,LN-MSME007-001,11,0
MSME007,LN-MSME007-001,12,0
MSME007,LN-MSME007-001,13,0
MSME007,LN-MSME007-001,14,0
MSME007,LN-MSME007-001,15,0
MSME007,LN-MSME007-001,16,0
MSME007,LN-MSME007-001,17,0
MSME007,LN-MSME007-001,18,0
MSME007,LN-MSME007-001,19,0
MSME007,LN-MSME007-001,20,0
MSME007,LN-MSME007-001,21,0
MSME007,LN-MSME007-001,22,0
MSME007,LN-MSME007-001,23,0
MSME008,LN-MSME008-001,0,0
MSME008,LN-MSME008-001,1,0
MSME008,LN-MSME008-001,2,0
MSME008,LN-MSME008-001,3,0
MSME008,LN-MSME008-001,4,0
MSME008,LN-MSME008-001,5,0
MSME008,LN-MSME008-001,6,0
MSME008,LN-MSME008-001,7,0
MSME008,LN-MSME008-001,8,0
MSME008,LN-MSME008-001,9,0
MSME008,LN-MSME008-001,10,0
MSME008,LN-MSME008-001,11,0
MSME008,LN-MSME008-001,12,0
MSME008,LN-MSME008-001,13,0
MSME008,LN-MSME008-001,14,0
MSME008,LN-MSME008-001,15,0
MSME008,LN-MSME008-001,16,0
MSME008,LN-MSME008-001,17,0
MSME008,LN-MSME008-001,18,0
MSME008,LN-MSME008-001,19,0
MSME008,LN-MSME008-001,20,0
MSME008,LN-MSME008-001,21,0
MSME008,LN-MSME008-001,22,0
MSME008,LN-MSME008-001,23,0
MSME009,LN-MSME009-001,0,0
MSME009,LN-MSME009-001,1,0
MSME009,LN-MSME009-001,2,0
MSME009,LN-MSME009-001,3,0
MSME009,LN-MSME009-001,4,0
MSME009,LN-MSME009-001,5,0
MSME009,LN-MSME009-001,6,0
MSME009,LN-MSME009-001,7,0
MSME009,LN-MSME009-001,8,0
MSME009,LN-MSME009-001,9,0
MSME009,LN-MSME009-001,10,0
MSME009,LN-MSME009-001,11,0
MSME009,LN-MSME009-001,12,0
MSME009,LN-MSME009-001,13,0
MSME009,LN-MSME009-001,14,0
MSME009,LN-MSME009-001,15,0
MSME009,LN-MSME009-001,16,0
MSME009,LN-MSME009-001,17,0
MSME009,LN-MSME009-001,18,0
MSME009,LN-MSME009-001,19,0
MSME009,LN-MSME009-001,20,0
MSME009,LN-MSME009-001,21,0
MSME009,LN-MSME009-001,22,0
MSME009,LN-MSME009-001,23,0
MSME010,LN-MSME010-001,0,0
MSME010,LN-MSME010-001,1,0
MSME010,LN-MSME010-001,2,1
MSME010,LN-MSME010-001,3,1
MSME010,LN-MSME010-001,4,1
MSME010,LN-MSME010-001,5,1
MSME010,LN-MSME010-001,6,1
MSME010,LN-MSME010-001,7,1
MSME010,LN-MSME010-001,8,1
MSME010,LN-MSME010-001,9,1
MSME010,LN-MSME010-001,10,1
MSME010,LN-MSME010-001,11,1
MSME010,LN-MSME010-001,12,1
MSME010,LN-MSME010-001,13,1
MSME010,LN-MSME010-001,14,1
MSME010,LN-MSME010-001,15,1
MSME010,LN-MSME010-001,16,1
MSME010,LN-MSME010-001,17,1
MSME010,LN-MSME010-001,18,1
MSME010,LN-MSME010-001,19,1
MSME010,LN-MSME010-001,20,1
MSME010,LN-MSME010-001,21,1
MSME010,LN-MSME010-001,22,1
MSME010,LN-MSME010-001,23,0
MSME011,LN-MSME011-001,0,0
MSME011,LN-MSME011-001,1,0
MSME011,LN-MSME011-001,2,0
MSME011,LN-MSME011-001,3,0
MSME011,LN-MSME011-001,4,0
MSME011,LN-MSME011-001,5,0
MSME011,LN-MSME011-001,6,0
MSME011,LN-MSME011-001,7,0
MSME011,LN-MSME011-001,8,0
MSME011,LN-MSME011-001,9,0
MSME011,LN-MSME011-001,10,0
MSME011,LN-MSME011-001,11,0
MSME011,LN-MSME011-001,12,0
MSME011,LN-MSME011-001,13,0
MSME011,LN-MSME011-001,14,0
MSME011,LN-MSME011-001,15,0
MSME011,LN-MSME011-001,16,0
MSME011,LN-MSME011-001,17,0
MSME011,LN-MSME011-001,18,0
MSME011,LN-MSME011-001,19,0
MSME011,LN-MSME011-001,20,0
MSME011,LN-MSME011-001,21,0
MSME011,LN-MSME011-001,22,0
MSME011,LN-MSME011-001,23,0
MSME012,LN-MSME012-001,0,0
MSME012,LN-MSME012-001,1,0
MSME012,LN-MSME012-001,2,0
MSME012,LN-MSME012-001,3,0
MSME012,LN-MSME012-001,4,0
MSME012,LN-MSME012-001,5,0
MSME012,LN-MSME012-001,6,0
MSME012,LN-MSME012-001,7,0
MSME012,LN-MSME012-001,8,0
MSME012,LN-MSME012-001,9,0
MSME012,LN-MSME012-001,10,0
MSME012,LN-MSME012-001,11,0
MSME012,LN-MSME012-001,12,0
MSME012,LN-MSME012-001,13,0
MSME012,LN-MSME012-001,14,0
MSME012,LN-MSME012-001,15,0
MSME012,LN-MSME012-001,16,0
MSME012,LN-MSME012-001,17,0
MSME012,LN-MSME012-001,18,0
MSME012,LN-MSME012-001,19,0
MSME012,LN-MSME012-001,20,0
MSME012,LN-MSME012-001,21,0
MSME012,LN-MSME012-001,22,0
MSME012,LN-MSME012-001,23,0
MSME013,LN-MSME013-001,0,0
MSME013,LN-MSME013-001,1,0
MSME013,LN-MSME013-001,2,1
MSME013,LN-MSME013-001,3,1
MSME013,LN-MSME013-001,4,1
MSME013,LN-MSME013-001,5,1
MSME013,LN-MSME013-001,6,1
MSME013,LN-MSME013-001,7,1
MSME013,LN-MSME013-001,8,1
MSME013,LN-MSME013-001,9,1
MSME013,LN-MSME013-001,10,1
MSME013,LN-MSME013-001,11,1
MSME013,LN-MSME013-001,12,1
MSME013,LN-MSME013-001,13,1
MSME013,LN-MSME013-001,14,1
MSME013,LN-MSME013-001,15,1
MSME013,LN-MSME013-001,16,1
MSME013,LN-MSME013-001,17,1
MSME013,LN-MSME013-001,18,1
MSME013,LN-MSME013-001,19,1
MSME013,LN-MSME013-001,20,1
MSME013,LN-MSME013-001,21,1
MSME013,LN-MSME013-001,22,1
MSME013,LN-MSME013-001,23,0
MSME014,LN-MSME014-001,0,0
MSME014,LN-MSME014-001,1,0
MSME014,LN-MSME014-001,2,1
MSME014,LN-MSME014-001,3,1
MSME014,LN-MSME014-001,4,1
MSME014,LN-MSME014-001,5,1
MSME014,LN-MSME014-001,6,1
MSME014,LN-MSME014-001,7,1
MSME014,LN-MSME014-001,8,1
MSME014,LN-MSME014-001,9,1
MSME014,LN-MSME014-001,10,1
MSME014,LN-MSME014-001,11,1
MSME014,LN-MSME014-001,12,1
MSME014,LN-MSME014-001,13,1
MSME014,LN-MSME014-001,14,1
MSME014,LN-MSME014-001,15,1
MSME014,LN-MSME014-001,16,1
MSME014,LN-MSME014-001,17,1
MSME014,LN-MSME014-001,18,1
MSME014,LN-MSME014-001,19,1
MSME014,LN-MSME014-001,20,1
MSME014,LN-MSME014-001,21,1
MSME014,LN-MSME014-001,22,1
MSME014,LN-MSME014-001,23,0
MSME015,LN-MSME015-001,0,0
MSME015,LN-MSME015-001,1,0
MSME015,LN-MSME015-001,2,0
MSME015,LN-MSME015-001,3,0
MSME015,LN-MSME015-001,4,0
MSME015,LN-MSME015-001,5,0
MSME015,LN-MSME015-001,6,0
MSME015,LN-MSME015-001,7,0
MSME015,LN-MSME015-001,8,0
MSME015,LN-MSME015-001,9,0
MSME015,LN-MSME015-001,10,0
MSME015,LN-MSME015-001,11,0
MSME015,LN-MSME015-001,12,0
MSME015,LN-MSME015-001,13,0
MSME015,LN-MSME015-001,14,0
MSME015,LN-MSME015-001,15,0
MSME015,LN-MSME015-001,16,0
MSME015,LN-MSME015-001,17,0
MSME015,LN-MSME015-001,18,0
MSME015,LN-MSME015-001,19,0
MSME015,LN-MSME015-001,20,0
MSME015,LN-MSME015-001,21,0
MSME015,LN-MSME015-001,22,0
MSME015,LN-MSME015-001,23,0
MSME016,LN-MSME016-001,0,0
MSME016,LN-MSME016-001,1,0
MSME016,LN-MSME016-001,2,0
MSME016,LN-MSME016-001,3,0
MSME016,LN-MSME016-001,4,0
MSME016,LN-MSME016-001,5,0
MSME016,LN-MSME016-001,6,0
MSME016,LN-MSME016-001,7,0
MSME016,LN-MSME016-001,8,0
MSME016,LN-MSME016-001,9,0
MSME016,LN-MSME016-001,10,0
MSME016,LN-MSME016-001,11,0
MSME016,LN-MSME016-001,12,0
MSME016,LN-MSME016-001,13,0
MSME016,LN-MSME016-001,14,0
MSME016,LN-MSME016-001,15,0
MSME016,LN-MSME016-001,16,0
MSME016,LN-MSME016-001,17,0
MSME016,LN-MSME016-001,18,0
MSME016,LN-MSME016-001,19,0
MSME016,LN-MSME016-001,20,0
MSME016,LN-MSME016-001,21,0
MSME016,LN-MSME016-001,22,0
MSME016,LN-MSME016-001,23,0
MSME017,LN-MSME017-001,0,0
MSME017,LN-MSME017-001,1,0
MSME017,LN-MSME017-001,2,0
MSME017,LN-MSME017-001,3,0
MSME017,LN-MSME017-001,4,0
MSME017,LN-MSME017-001,5,0
MSME017,LN-MSME017-001,6,0
MSME017,LN-MSME017-001,7,0
MSME017,LN-MSME017-001,8,0
MSME017,LN-MSME017-001,9,0
MSME017,LN-MSME017-001,10,0
MSME017,LN-MSME017-001,11,0
MSME017,LN-MSME017-001,12,0
MSME017,LN-MSME017-001,13,0
MSME017,LN-MSME017-001,14,0
MSME017,LN-MSME017-001,15,0
MSME017,LN-MSME017-001,16,0
MSME017,LN-MSME017-001,17,0
MSME017,LN-MSME017-001,18,0
MSME017,LN-MSME017-001,19,0
MSME017,LN-MSME017-001,20,0
MSME017,LN-MSME017-001,21,0
MSME017,LN-MSME017-001,22,0
MSME017,LN-MSME017-001,23,0
MSME018,LN-MSME018-001,0,0
MSME018,LN-MSME018-001,1,0
MSME018,LN-MSME018-001,2,0
MSME018,LN-MSME018-001,3,0
MSME018,LN-MSME018-001,4,0
MSME018,LN-MSME018-001,5,0
MSME018,LN-MSME018-001,6,0
MSME018,LN-MSME018-001,7,0
MSME018,LN-MSME018-001,8,0
MSME018,LN-MSME018-001,9,0
MSME018,LN-MSME018-001,10,0
MSME018,LN-MSME018-001,11,0
MSME018,LN-MSME018-001,12,0
MSME018,LN-MSME018-001,13,0
MSME018,LN-MSME018-001,14,0
MSME018,LN-MSME018-001,15,0
MSME018,LN-MSME018-001,16,0
MSME018,LN-MSME018-001,17,0
MSME018,LN-MSME018-001,18,0
MSME018,LN-MSME018-001,19,0
MSME018,LN-MSME018-001,20,0
MSME018,LN-MSME018-001,21,0
MSME018,LN-MSME018-001,22,0
MSME018,LN-MSME018-001,23,0
MSME019,LN-MSME019-001,0,0
MSME019,LN-MSME019-001,1,0
MSME019,LN-MSME019-001,2,1
MSME019,LN-MSME019-001,3,1
MSME019,LN-MSME019-001,4,1
MSME019,LN-MSME019-001,5,1
MSME019,LN-MSME019-001,6,1
MSME019,LN-MSME019-001,7,1
MSME019,LN-MSME019-001,8,1
MSME019,LN-MSME019-001,9,1
MSME019,LN-MSME019-001,10,1
MSME019,LN-MSME019-001,11,1
MSME019,LN-MSME019-001,12,1
MSME019,LN-MSME019-001,13,1
MSME019,LN-MSME019-001,14,1
MSME019,LN-MSME019-001,15,1
MSME019,LN-MSME019-001,16,1
MSME019,LN-MSME019-001,17,1
MSME019,LN-MSME019-001,18,1
MSME019,LN-MSME019-001,19,1
MSME019,LN-MSME019-001,20,1
MSME019,LN-MSME019-001,21,1
MSME019,LN-MSME019-001,22,1
MSME019,LN-MSME019-001,23,0
MSME020,LN-MSME020-001,0,0
MSME020,LN-MSME020-001,1,0
MSME020,LN-MSME020-001,2,0
MSME020,LN-MSME020-001,3,0
MSME020,LN-MSME020-001,4,0
MSME020,LN-MSME020-001,5,0
MSME020,LN-MSME020-001,6,0
MSME020,LN-MSME020-001,7,0
MSME020,LN-MSME020-001,8,0
MSME020,LN-MSME020-001,9,0
MSME020,LN-MSME020-001,10,0
MSME020,LN-MSME020-001,11,0
MSME020,LN-MSME020-001,12,0
MSME020,LN-MSME020-001,13,0
MSME020,LN-MSME020-001,14,0
MSME020,LN-MSME020-001,15,0
MSME020,LN-MSME020-001,16,0
MSME020,LN-MSME020-001,17,0
MSME020,LN-MSME020-001,18,0
MSME020,LN-MSME020-001,19,0
MSME020,LN-MSME020-001,20,0
MSME020,LN-MSME020-001,21,0
MSME020,LN-MSME020-001,22,0
MSME020,LN-MSME020-001,23,0
MSME021,LN-MSME021-001,0,0
MSME021,LN-MSME021-001,1,0
MSME021,LN-MSME021-001,2,0
MSME021,LN-MSME021-001,3,0
MSME021,LN-MSME021-001,4,0
MSME021,LN-MSME021-001,5,0
MSME021,LN-MSME021-001,6,0
MSME021,LN-MSME021-001,7,0
MSME021,LN-MSME021-001,8,0
MSME021,LN-MSME021-001,9,0
MSME021,LN-MSME021-001,10,0
MSME021,LN-MSME021-001,11,0
MSME021,LN-MSME021-001,12,0
MSME021,LN-MSME021-001,13,0
MSME021,LN-MSME021-001,14,0
MSME021,LN-MSME021-001,15,0
MSME021,LN-MSME021-001,16,0
MSME021,LN-MSME021-001,17,0
MSME021,LN-MSME021-001,18,0
MSME021,LN-MSME021-001,19,0
MSME021,LN-MSME021-001,20,0
MSME021,LN-MSME021-001,21,0
MSME021,LN-MSME021-001,22,0
MSME021,LN-MSME021-001,23,0
MSME022,LN-MSME022-001,0,0
MSME022,LN-MSME022-001,1,0
MSME022,LN-MSME022-001,2,0
MSME022,LN-MSME022-001,3,0
MSME022,LN-MSME022-001,4,0
MSME022,LN-MSME022-001,5,0
MSME022,LN-MSME022-001,6,0
MSME022,LN-MSME022-001,7,0
MSME022,LN-MSME022-001,8,0
MSME022,LN-MSME022-001,9,0
MSME022,LN-MSME022-001,10,0
MSME022,LN-MSME022-001,11,0
MSME022,LN-MSME022-001,12,0
MSME022,LN-MSME022-001,13,0
MSME022,LN-MSME022-001,14,0
MSME022,LN-MSME022-001,15,0
MSME022,LN-MSME022-001,16,0
MSME022,LN-MSME022-001,17,0
MSME022,LN-MSME022-001,18,0
MSME022,LN-MSME022-001,19,0
MSME022,LN-MSME022-001,20,0
MSME022,LN-MSME022-001,21,0
MSME022,LN-MSME022-001,22,0
MSME022,LN-MSME022-001,23,0
MSME023,LN-MSME023-001,0,0
MSME023,LN-MSME023-001,1,0
MSME023,LN-MSME023-001,2,0
MSME023,LN-MSME023-001,3,0
MSME023,LN-MSME023-001,4,0
MSME023,LN-MSME023-001,5,0
MSME023,LN-MSME023-001,6,0
MSME023,LN-MSME023-001,7,0
MSME023,LN-MSME023-001,8,0
MSME023,LN-MSME023-001,9,0
MSME023,LN-MSME023-001,10,0
MSME023,LN-MSME023-001,11,0
MSME023,LN-MSME023-001,12,0
MSME023,LN-MSME023-001,13,0
MSME023,LN-MSME023-001,14,0
MSME023,LN-MSME023-001,15,0
MSME023,LN-MSME023-001,16,0
MSME023,LN-MSME023-001,17,0
MSME023,LN-MSME023-001,18,0
MSME023,LN-MSME023-001,19,0
MSME023,LN-MSME023-001,20,0
MSME023,LN-MSME023-001,21,0
MSME023,LN-MSME023-001,22,0
MSME023,LN-MSME023-001,23,0
MSME024,LN-MSME024-001,0,0
MSME024,LN-MSME024-001,1,0
MSME024,LN-MSME024-001,2,0
MSME024,LN-MSME024-001,3,0
MSME024,LN-MSME024-001,4,0
MSME024,LN-MSME024-001,5,0
MSME024,LN-MSME024-001,6,0
MSME024,LN-MSME024-001,7,0
MSME024,LN-MSME024-001,8,0
MSME024,LN-MSME024-001,9,0
MSME024,LN-MSME024-001,10,0
MSME024,LN-MSME024-001,11,0
MSME024,LN-MSME024-001,12,0
MSME024,LN-MSME024-001,13,0
MSME024,LN-MSME024-001,14,0
MSME024,LN-MSME024-001,15,0
MSME024,LN-MSME024-001,16,0
MSME024,LN-MSME024-001,17,0
MSME024,LN-MSME024-001,18,0
MSME024,LN-MSME024-001,19,0
MSME024,LN-MSME024-001,20,0
MSME024,LN-MSME024-001,21,0
MSME024,LN-MSME024-001,22,0
MSME024,LN-MSME024-001,23,0
MSME025,LN-MSME025-001,0,0
MSME025,LN-MSME025-001,1,0
MSME025,LN-MSME025-001,2,0
MSME025,LN-MSME025-001,3,0
MSME025,LN-MSME025-001,4,0
MSME025,LN-MSME025-001,5,0
MSME025,LN-MSME025-001,6,0
MSME025,LN-MSME025-001,7,0
MSME025,LN-MSME025-001,8,0
MSME025,LN-MSME025-001,9,0
MSME025,LN-MSME025-001,10,0
MSME025,LN-MSME025-001,11,0
MSME025,LN-MSME025-001,12,0
MSME025,LN-MSME025-001,13,0
MSME025,LN-MSME025-001,14,0
MSME025,LN-MSME025-001,15,0
MSME025,LN-MSME025-001,16,0
MSME025,LN-MSME025-001,17,0
MSME025,LN-MSME025-001,18,0
MSME025,LN-MSME025-001,19,0
MSME025,LN-MSME025-001,20,0
MSME025,LN-MSME025-001,21,0
MSME025,LN-MSME025-001,22,0
MSME025,LN-MSME025-001,23,0
MSME026,LN-MSME026-001,0,0
MSME026,LN-MSME026-001,1,0
MSME026,LN-MSME026-001,2,1
MSME026,LN-MSME026-001,3,1
MSME026,LN-MSME026-001,4,1
MSME026,LN-MSME026-001,5,1
MSME026,LN-MSME026-001,6,1
MSME026,LN-MSME026-001,7,1
MSME026,LN-MSME026-001,8,1
MSME026,LN-MSME026-001,9,1
MSME026,LN-MSME026-001,10,1
MSME026,LN-MSME026-001,11,1
MSME026,LN-MSME026-001,12,1
MSME026,LN-MSME026-001,13,1
MSME026,LN-MSME026-001,14,1
MSME026,LN-MSME026-001,15,1
MSME026,LN-MSME026-001,16,1
MSME026,LN-MSME026-001,17,1
MSME026,LN-MSME026-001,18,1
MSME026,LN-MSME026-001,19,1
MSME026,LN-MSME026-001,20,1
MSME026,LN-MSME026-001,21,1
MSME026,LN-MSME026-001,22,1
MSME026,LN-MSME026-001,23,0
MSME027,LN-MSME027-001,0,0
MSME027,LN-MSME027-001,1,0
MSME027,LN-MSME027-001,2,0
MSME027,LN-MSME027-001,3,0
MSME027,LN-MSME027-001,4,0
MSME027,LN-MSME027-001,5,0
MSME027,LN-MSME027-001,6,0
MSME027,LN-MSME027-001,7,0
MSME027,LN-MSME027-001,8,0
MSME027,LN-MSME027-001,9,0
MSME027,LN-MSME027-001,10,0
MSME027,LN-MSME027-001,11,0
MSME027,LN-MSME027-001,12,0
MSME027,LN-MSME027-001,13,0
MSME027,LN-MSME027-001,14,0
MSME027,LN-MSME027-001,15,0
MSME027,LN-MSME027-001,16,0
MSME027,LN-MSME027-001,17,0
MSME027,LN-MSME027-001,18,0
MSME027,LN-MSME027-001,19,0
MSME027,LN-MSME027-001,20,0
MSME027,LN-MSME027-001,21,0
MSME027,LN-MSME027-001,22,0
MSME027,LN-MSME027-001,23,0
MSME028,LN-MSME028-001,0,0
MSME028,LN-MSME028-001,1,0
MSME028,LN-MSME028-001,2,1
MSME028,LN-MSME028-001,3,1
MSME028,LN-MSME028-001,4,1
MSME028,LN-MSME028-001,5,1
MSME028,LN-MSME028-001,6,1
MSME028,LN-MSME028-001,7,1
MSME028,LN-MSME028-001,8,1
MSME028,LN-MSME028-001,9,1
MSME028,LN-MSME028-001,10,1
MSME028,LN-MSME028-001,11,1
MSME028,LN-MSME028-001,12,1
MSME028,LN-MSME028-001,13,1
MSME028,LN-MSME028-001,14,1
MSME028,LN-MSME028-001,15,1
MSME028,LN-MSME028-001,16,1
MSME028,LN-MSME028-001,17,1
MSME028,LN-MSME028-001,18,1
MSME028,LN-MSME028-001,19,1
MSME028,LN-MSME028-001,20,1
MSME028,LN-MSME028-001,21,1
MSME028,LN-MSME028-001,22,1
MSME028,LN-MSME028-001,23,0
MSME029,LN-MSME029-001,0,0
MSME029,LN-MSME029-001,1,0
MSME029,LN-MSME029-001,2,0
MSME029,LN-MSME029-001,3,0
MSME029,LN-MSME029-001,4,0
MSME029,LN-MSME029-001,5,0
MSME029,LN-MSME029-001,6,0
MSME029,LN-MSME029-001,7,0
MSME029,LN-MSME029-001,8,0
MSME029,LN-MSME029-001,9,0
MSME029,LN-MSME029-001,10,0
MSME029,LN-MSME029-001,11,0
MSME029,LN-MSME029-001,12,0
MSME029,LN-MSME029-001,13,0
MSME029,LN-MSME029-001,14,0
MSME029,LN-MSME029-001,15,0
MSME029,LN-MSME029-001,16,0
MSME029,LN-MSME029-001,17,0
MSME029,LN-MSME029-001,18,0
MSME029,LN-MSME029-001,19,0
MSME029,LN-MSME029-001,20,0
MSME029,LN-MSME029-001,21,0
MSME029,LN-MSME029-001,22,0
MSME029,LN-MSME029-001,23,0
MSME030,LN-MSME030-001,0,0
MSME030,LN-MSME030-001,1,0
MSME030,LN-MSME030-001,2,0
MSME030,LN-MSME030-001,3,0
MSME030,LN-MSME030-001,4,0
MSME030,LN-MSME030-001,5,0
MSME030,LN-MSME030-001,6,0
MSME030,LN-MSME030-001,7,0
MSME030,LN-MSME030-001,8,0
MSME030,LN-MSME030-001,9,0
MSME030,LN-MSME030-001,10,0
MSME030,LN-MSME030-001,11,0
MSME030,LN-MSME030-001,12,0
MSME030,LN-MSME030-001,13,0
MSME030,LN-MSME030-001,14,0
MSME030,LN-MSME030-001,15,0
MSME030,LN-MSME030-001,16,0
MSME030,LN-MSME030-001,17,0
MSME030,LN-MSME030-001,18,0
MSME030,LN-MSME030-001,19,0
MSME030,LN-MSME030-001,20,0
MSME030,LN-MSME030-001,21,0
MSME030,LN-MSME030-001,22,0
MSME030,LN-MSME030-001,23,0
MSME031,LN-MSME031-001,0,0
MSME031,LN-MSME031-001,1,0
MSME031,LN-MSME031-001,2,0
MSME031,LN-MSME031-001,3,0
MSME031,LN-MSME031-001,4,0
MSME031,LN-MSME031-001,5,0
MSME031,LN-MSME031-001,6,0
MSME031,LN-MSME031-001,7,0
MSME031,LN-MSME031-001,8,0
MSME031,LN-MSME031-001,9,0
MSME031,LN-MSME031-001,10,0
MSME031,LN-MSME031-001,11,0
MSME031,LN-MSME031-001,12,0
MSME031,LN-MSME031-001,13,0
MSME031,LN-MSME031-001,14,0
MSME031,LN-MSME031-001,15,0
MSME031,LN-MSME031-001,16,0
MSME031,LN-MSME031-001,17,0
MSME031,LN-MSME031-001,18,0
MSME031,LN-MSME031-001,19,0
MSME031,LN-MSME031-001,20,0
MSME031,LN-MSME031-001,21,0
MSME031,LN-MSME031-001,22,0
MSME031,LN-MSME031-001,23,0
MSME032,LN-MSME032-001,0,0
MSME032,LN-MSME032-001,1,0
MSME032,LN-MSME032-001,2,0
MSME032,LN-MSME032-001,3,0
MSME032,LN-MSME032-001,4,0
MSME032,LN-MSME032-001,5,0
MSME032,LN-MSME032-001,6,0
MSME032,LN-MSME032-001,7,0
MSME032,LN-MSME032-001,8,0
MSME032,LN-MSME032-001,9,0
MSME032,LN-MSME032-001,10,0
MSME032,LN-MSME032-001,11,0
MSME032,LN-MSME032-001,12,0
MSME032,LN-MSME032-001,13,0
MSME032,LN-MSME032-001,14,0
MSME032,LN-MSME032-001,15,0
MSME032,LN-MSME032-001,16,0
MSME032,LN-MSME032-001,17,0
MSME032,LN-MSME032-001,18,0
MSME032,LN-MSME032-001,19,0
MSME032,LN-MSME032-001,20,0
MSME032,LN-MSME032-001,21,0
MSME032,LN-MSME032-001,22,0
MSME032,LN-MSME032-001,23,0
MSME033,LN-MSME033-001,0,0
MSME033,LN-MSME033-001,1,0
MSME033,LN-MSME033-001,2,0
MSME033,LN-MSME033-001,3,0
MSME033,LN-MSME033-001,4,0
MSME033,LN-MSME033-001,5,0
MSME033,LN-MSME033-001,6,0
MSME033,LN-MSME033-001,7,0
MSME033,LN-MSME033-001,8,0
MSME033,LN-MSME033-001,9,0
MSME033,LN-MSME033-001,10,0
MSME033,LN-MSME033-001,11,0
MSME033,LN-MSME033-001,12,0
MSME033,LN-MSME033-001,13,0
MSME033,LN-MSME033-001,14,0
MSME033,LN-MSME033-001,15,0
MSME033,LN-MSME033-001,16,0
MSME033,LN-MSME033-001,17,0
MSME033,LN-MSME033-001,18,0
MSME033,LN-MSME033-001,19,0
MSME033,LN-MSME033-001,20,0
MSME033,LN-MSME033-001,21,0
MSME033,LN-MSME033-001,22,0
MSME033,LN-MSME033-001,23,0
MSME034,LN-MSME034-001,0,0
MSME034,LN-MSME034-001,1,0
MSME034,LN-MSME034-001,2,0
MSME034,LN-MSME034-001,3,0
MSME034,LN-MSME034-001,4,0
MSME034,LN-MSME034-001,5,0
MSME034,LN-MSME034-001,6,0
MSME034,LN-MSME034-001,7,0
MSME034,LN-MSME034-001,8,0
MSME034,LN-MSME034-001,9,0
MSME034,LN-MSME034-001,10,0
MSME034,LN-MSME034-001,11,0
MSME034,LN-MSME034-001,12,0
MSME034,LN-MSME034-001,13,0
MSME034,LN-MSME034-001,14,0
MSME034,LN-MSME034-001,15,0
MSME034,LN-MSME034-001,16,0
MSME034,LN-MSME034-001,17,0
MSME034,LN-MSME034-001,18,0
MSME034,LN-MSME034-001,19,0
MSME034,LN-MSME034-001,20,0
MSME034,LN-MSME034-001,21,0
MSME034,LN-MSME034-001,22,0
MSME034,LN-MSME034-001,23,0
MSME035,LN-MSME035-001,0,0
MSME035,LN-MSME035-001,1,0
MSME035,LN-MSME035-001,2,0
MSME035,LN-MSME035-001,3,0
MSME035,LN-MSME035-001,4,0
MSME035,LN-MSME035-001,5,0
MSME035,LN-MSME035-001,6,0
MSME035,LN-MSME035-001,7,0
MSME035,LN-MSME035-001,8,0
MSME035,LN-MSME035-001,9,0
MSME035,LN-MSME035-001,10,0
MSME035,LN-MSME035-001,11,0
MSME035,LN-MSME035-001,12,0
MSME035,LN-MSME035-001,13,0
MSME035,LN-MSME035-001,14,0
MSME035,LN-MSME035-001,15,0
MSME035,LN-MSME035-001,16,0
MSME035,LN-MSME035-001,17,0
MSME035,LN-MSME035-001,18,0
MSME035,LN-MSME035-001,19,0
MSME035,LN-MSME035-001,20,0
MSME035,LN-MSME035-001,21,0
MSME035,LN-MSME035-001,22,0
MSME035,LN-MSME035-001,23,0
MSME036,LN-MSME036-001,0,0
MSME036,LN-MSME036-001,1,0
MSME036,LN-MSME036-001,2,1
MSME036,LN-MSME036-001,3,1
MSME036,LN-MSME036-001,4,1
MSME036,LN-MSME036-001,5,1
MSME036,LN-MSME036-001,6,1
MSME036,LN-MSME036-001,7,1
MSME036,LN-MSME036-001,8,1
MSME036,LN-MSME036-001,9,1
MSME036,LN-MSME036-001,10,1
MSME036,LN-MSME036-001,11,1
MSME036,LN-MSME036-001,12,1
MSME036,LN-MSME036-001,13,1
MSME036,LN-MSME036-001,14,1
MSME036,LN-MSME036-001,15,1
MSME036,LN-MSME036-001,16,1
MSME036,LN-MSME036-001,17,1
MSME036,LN-MSME036-001,18,1
MSME036,LN-MSME036-001,19,1
MSME036,LN-MSME036-001,20,1
MSME036,LN-MSME036-001,21,1
MSME036,LN-MSME036-001,22,1
MSME036,LN-MSME036-001,23,0
MSME037,LN-MSME037-001,0,0
MSME037,LN-MSME037-001,1,0
MSME037,LN-MSME037-001,2,0
MSME037,LN-MSME037-001,3,0
MSME037,LN-MSME037-001,4,0
MSME037,LN-MSME037-001,5,0
MSME037,LN-MSME037-001,6,0
MSME037,LN-MSME037-001,7,0
MSME037,LN-MSME037-001,8,0
MSME037,LN-MSME037-001,9,0
MSME037,LN-MSME037-001,10,0
MSME037,LN-MSME037-001,11,0
MSME037,LN-MSME037-001,12,0
MSME037,LN-MSME037-001,13,0
MSME037,LN-MSME037-001,14,0
MSME037,LN-MSME037-001,15,0
MSME037,LN-MSME037-001,16,0
MSME037,LN-MSME037-001,17,0
MSME037,LN-MSME037-001,18,0
MSME037,LN-MSME037-001,19,0
MSME037,LN-MSME037-001,20,0
MSME037,LN-MSME037-001,21,0
MSME037,LN-MSME037-001,22,0
MSME037,LN-MSME037-001,23,0
MSME038,LN-MSME038-001,0,0
MSME038,LN-MSME038-001,1,0
MSME038,LN-MSME038-001,2,0
MSME038,LN-MSME038-001,3,0
MSME038,LN-MSME038-001,4,0
MSME038,LN-MSME038-001,5,0
MSME038,LN-MSME038-001,6,0
MSME038,LN-MSME038-001,7,0
MSME038,LN-MSME038-001,8,0
MSME038,LN-MSME038-001,9,0
MSME038,LN-MSME038-001,10,0
MSME038,LN-MSME038-001,11,0
MSME038,LN-MSME038-001,12,0
MSME038,LN-MSME038-001,13,0
MSME038,LN-MSME038-001,14,0
MSME038,LN-MSME038-001,15,0
MSME038,LN-MSME038-001,16,0
MSME038,LN-MSME038-001,17,0
MSME038,LN-MSME038-001,18,0
MSME038,LN-MSME038-001,19,0
MSME038,LN-MSME038-001,20,0
MSME038,LN-MSME038-001,21,0
MSME038,LN-MSME038-001,22,0
MSME038,LN-MSME038-001,23,0
MSME039,LN-MSME039-001,0,0
MSME039,LN-MSME039-001,1,0
MSME039,LN-MSME039-001,2,0
MSME039,LN-MSME039-001,3,0
MSME039,LN-MSME039-001,4,0
MSME039,LN-MSME039-001,5,0
MSME039,LN-MSME039-001,6,0
MSME039,LN-MSME039-001,7,0
MSME039,LN-MSME039-001,8,0
MSME039,LN-MSME039-001,9,0
MSME039,LN-MSME039-001,10,0
MSME039,LN-MSME039-001,11,0
MSME039,LN-MSME039-001,12,0
MSME039,LN-MSME039-001,13,0
MSME039,LN-MSME039-001,14,0
MSME039,LN-MSME039-001,15,0
MSME039,LN-MSME039-001,16,0
MSME039,LN-MSME039-001,17,0
MSME039,LN-MSME039-001,18,0
MSME039,LN-MSME039-001,19,0
MSME039,LN-MSME039-001,20,0
MSME039,LN-MSME039-001,21,0
MSME039,LN-MSME039-001,22,0
MSME039,LN-MSME039-001,23,0
MSME040,LN-MSME040-001,0,0
MSME040,LN-MSME040-001,1,0
MSME040,LN-MSME040-001,2,1
MSME040,LN-MSME040-001,3,1
MSME040,LN-MSME040-001,4,1
MSME040,LN-MSME040-001,5,1
MSME040,LN-MSME040-001,6,1
MSME040,LN-MSME040-001,7,1
MSME040,LN-MSME040-001,8,1
MSME040,LN-MSME040-001,9,1
MSME040,LN-MSME040-001,10,1
MSME040,LN-MSME040-001,11,1
MSME040,LN-MSME040-001,12,1
MSME040,LN-MSME040-001,13,1
MSME040,LN-MSME040-001,14,1
MSME040,LN-MSME040-001,15,1
MSME040,LN-MSME040-001,16,1
MSME040,LN-MSME040-001,17,1
MSME040,LN-MSME040-001,18,1
MSME040,LN-MSME040-001,19,1
MSME040,LN-MSME040-001,20,1
MSME040,LN-MSME040-001,21,1
MSME040,LN-MSME040-001,22,1
MSME040,LN-MSME040-001,23,0
MSME041,LN-MSME041-001,0,0
MSME041,LN-MSME041-001,1,0
MSME041,LN-MSME041-001,2,1
MSME041,LN-MSME041-001,3,1
MSME041,LN-MSME041-001,4,1
MSME041,LN-MSME041-001,5,1
MSME041,LN-MSME041-001,6,1
MSME041,LN-MSME041-001,7,1
MSME041,LN-MSME041-001,8,1
MSME041,LN-MSME041-001,9,1
MSME041,LN-MSME041-001,10,1
MSME041,LN-MSME041-001,11,1
MSME041,LN-MSME041-001,12,1
MSME041,LN-MSME041-001,13,1
MSME041,LN-MSME041-001,14,1
MSME041,LN-MSME041-001,15,1
MSME041,LN-MSME041-001,16,1
MSME041,LN-MSME041-001,17,1
MSME041,LN-MSME041-001,18,1
MSME041,LN-MSME041-001,19,1
MSME041,LN-MSME041-001,20,1
MSME041,LN-MSME041-001,21,1
MSME041,LN-MSME041-001,22,1
MSME041,LN-MSME041-001,23,0
MSME042,LN-MSME042-001,0,0
MSME042,LN-MSME042-001,1,0
MSME042,LN-MSME042-001,2,1
MSME042,LN-MSME042-001,3,1
MSME042,LN-MSME042-001,4,1
MSME042,LN-MSME042-001,5,1
MSME042,LN-MSME042-001,6,1
MSME042,LN-MSME042-001,7,1
MSME042,LN-MSME042-001,8,1
MSME042,LN-MSME042-001,9,1
MSME042,LN-MSME042-001,10,1
MSME042,LN-MSME042-001,11,1
MSME042,LN-MSME042-001,12,1
MSME042,LN-MSME042-001,13,1
MSME042,LN-MSME042-001,14,1
MSME042,LN-MSME042-001,15,1
MSME042,LN-MSME042-001,16,1
MSME042,LN-MSME042-001,17,1
MSME042,LN-MSME042-001,18,1
MSME042,LN-MSME042-001,19,1
MSME042,LN-MSME042-001,20,1
MSME042,LN-MSME042-001,21,1
MSME042,LN-MSME042-001,22,1
MSME042,LN-MSME042-001,23,0
MSME043,LN-MSME043-001,0,0
MSME043,LN-MSME043-001,1,0
MSME043,LN-MSME043-001,2,1
MSME043,LN-MSME043-001,3,1
MSME043,LN-MSME043-001,4,1
MSME043,LN-MSME043-001,5,1
MSME043,LN-MSME043-001,6,1
MSME043,LN-MSME043-001,7,1
MSME043,LN-MSME043-001,8,1
MSME043,LN-MSME043-001,9,1
MSME043,LN-MSME043-001,10,1
MSME043,LN-MSME043-001,11,1
MSME043,LN-MSME043-001,12,1
MSME043,LN-MSME043-001,13,1
MSME043,LN-MSME043-001,14,1
MSME043,LN-MSME043-001,15,1
MSME043,LN-MSME043-001,16,1
MSME043,LN-MSME043-001,17,1
MSME043,LN-MSME043-001,18,1
MSME043,LN-MSME043-001,19,1
MSME043,LN-MSME043-001,20,1
MSME043,LN-MSME043-001,21,1
MSME043,LN-MSME043-001,22,1
MSME043,LN-MSME043-001,23,0
MSME044,LN-MSME044-001,0,0
MSME044,LN-MSME044-001,1,0
MSME044,LN-MSME044-001,2,1
MSME044,LN-MSME044-001,3,1
MSME044,LN-MSME044-001,4,1
MSME044,LN-MSME044-001,5,1
MSME044,LN-MSME044-001,6,1
MSME044,LN-MSME044-001,7,1
MSME044,LN-MSME044-001,8,1
MSME044,LN-MSME044-001,9,1
MSME044,LN-MSME044-001,10,1
MSME044,LN-MSME044-001,11,1
MSME044,LN-MSME044-001,12,1
MSME044,LN-MSME044-001,13,1
MSME044,LN-MSME044-001,14,1
MSME044,LN-MSME044-001,15,1
MSME044,LN-MSME044-001,16,1
MSME044,LN-MSME044-001,17,1
MSME044,LN-MSME044-001,18,1
MSME044,LN-MSME044-001,19,1
MSME044,LN-MSME044-001,20,1
MSME044,LN-MSME044-001,21,1
MSME044,LN-MSME044-001,22,1
MSME044,LN-MSME044-001,23,0
MSME045,LN-MSME045-001,0,0
MSME045,LN-MSME045-001,1,0
MSME045,LN-MSME045-001,2,0
MSME045,LN-MSME045-001,3,0
MSME045,LN-MSME045-001,4,0
MSME045,LN-MSME045-001,5,0
MSME045,LN-MSME045-001,6,0
MSME045,LN-MSME045-001,7,0
MSME045,LN-MSME045-001,8,0
MSME045,LN-MSME045-001,9,0
MSME045,LN-MSME045-001,10,0
MSME045,LN-MSME045-001,11,0
MSME045,LN-MSME045-001,12,0
MSME045,LN-MSME045-001,13,0
MSME045,LN-MSME045-001,14,0
MSME045,LN-MSME045-001,15,0
MSME045,LN-MSME045-001,16,0
MSME045,LN-MSME045-001,17,0
MSME045,LN-MSME045-001,18,0
MSME045,LN-MSME045-001,19,0
MSME045,LN-MSME045-001,20,0
MSME045,LN-MSME045-001,21,0
MSME045,LN-MSME045-001,22,0
MSME045,LN-MSME045-001,23,0
MSME046,LN-MSME046-001,0,0
MSME046,LN-MSME046-001,1,0
MSME046,LN-MSME046-001,2,0
MSME046,LN-MSME046-001,3,0
MSME046,LN-MSME046-001,4,0
MSME046,LN-MSME046-001,5,0
MSME046,LN-MSME046-001,6,0
MSME046,LN-MSME046-001,7,0
MSME046,LN-MSME046-001,8,0
MSME046,LN-MSME046-001,9,0
MSME046,LN-MSME046-001,10,0
MSME046,LN-MSME046-001,11,0
MSME046,LN-MSME046-001,12,0
MSME046,LN-MSME046-001,13,0
MSME046,LN-MSME046-001,14,0
MSME046,LN-MSME046-001,15,0
MSME046,LN-MSME046-001,16,0
MSME046,LN-MSME046-001,17,0
MSME046,LN-MSME046-001,18,0
MSME046,LN-MSME046-001,19,0
MSME046,LN-MSME046-001,20,0
MSME046,LN-MSME046-001,21,0
MSME046,LN-MSME046-001,22,0
MSME046,LN-MSME046-001,23,0
MSME047,LN-MSME047-001,0,0
MSME047,LN-MSME047-001,1,0
MSME047,LN-MSME047-001,2,0
MSME047,LN-MSME047-001,3,0
MSME047,LN-MSME047-001,4,0
MSME047,LN-MSME047-001,5,0
MSME047,LN-MSME047-001,6,0
MSME047,LN-MSME047-001,7,0
MSME047,LN-MSME047-001,8,0
MSME047,LN-MSME047-001,9,0
MSME047,LN-MSME047-001,10,0
MSME047,LN-MSME047-001,11,0
MSME047,LN-MSME047-001,12,0
MSME047,LN-MSME047-001,13,0
MSME047,LN-MSME047-001,14,0
MSME047,LN-MSME047-001,15,0
MSME047,LN-MSME047-001,16,0
MSME047,LN-MSME047-001,17,0
MSME047,LN-MSME047-001,18,0
MSME047,LN-MSME047-001,19,0
MSME047,LN-MSME047-001,20,0
MSME047,LN-MSME047-001,21,0
MSME047,LN-MSME047-001,22,0
MSME047,LN-MSME047-001,23,0
MSME048,LN-MSME048-001,0,0
MSME048,LN-MSME048-001,1,0
MSME048,LN-MSME048-001,2,1
MSME048,LN-MSME048-001,3,1
MSME048,LN-MSME048-001,4,1
MSME048,LN-MSME048-001,5,1
MSME048,LN-MSME048-001,6,1
MSME048,LN-MSME048-001,7,1
MSME048,LN-MSME048-001,8,1
MSME048,LN-MSME048-001,9,1
MSME048,LN-MSME048-001,10,1
MSME048,LN-MSME048-001,11,1
MSME048,LN-MSME048-001,12,1
MSME048,LN-MSME048-001,13,1
MSME048,LN-MSME048-001,14,1
MSME048,LN-MSME048-001,15,1
MSME048,LN-MSME048-001,16,1
MSME048,LN-MSME048-001,17,1
MSME048,LN-MSME048-001,18,1
MSME048,LN-MSME048-001,19,1
MSME048,LN-MSME048-001,20,1
MSME048,LN-MSME048-001,21,1
MSME048,LN-MSME048-001,22,1
MSME048,LN-MSME048-001,23,0
MSME049,LN-MSME049-001,0,0
MSME049,LN-MSME049-001,1,0
MSME049,LN-MSME049-001,2,0
MSME049,LN-MSME049-001,3,0
MSME049,LN-MSME049-001,4,0
MSME049,LN-MSME049-001,5,0
MSME049,LN-MSME049-001,6,0
MSME049,LN-MSME049-001,7,0
MSME049,LN-MSME049-001,8,0
MSME049,LN-MSME049-001,9,0
MSME049,LN-MSME049-001,10,0
MSME049,LN-MSME049-001,11,0
MSME049,LN-MSME049-001,12,0
MSME049,LN-MSME049-001,13,0
MSME049,LN-MSME049-001,14,0
MSME049,LN-MSME049-001,15,0
MSME049,LN-MSME049-001,16,0
MSME049,LN-MSME049-001,17,0
MSME049,LN-MSME049-001,18,0
MSME049,LN-MSME049-001,19,0
MSME049,LN-MSME049-001,20,0
MSME049,LN-MSME049-001,21,0
MSME049,LN-MSME049-001,22,0
MSME049,LN-MSME049-001,23,0
MSME050,LN-MSME050-001,0,0
MSME050,LN-MSME050-001,1,0
MSME050,LN-MSME050-001,2,0
MSME050,LN-MSME050-001,3,0
MSME050,LN-MSME050-001,4,0
MSME050,LN-MSME050-001,5,0
MSME050,LN-MSME050-001,6,0
MSME050,LN-MSME050-001,7,0
MSME050,LN-MSME050-001,8,0
MSME050,LN-MSME050-001,9,0
MSME050,LN-MSME050-001,10,0
MSME050,LN-MSME050-001,11,0
MSME050,LN-MSME050-001,12,0
MSME050,LN-MSME050-001,13,0
MSME050,LN-MSME050-001,14,0
MSME050,LN-MSME050-001,15,0
MSME050,LN-MSME050-001,16,0
MSME050,LN-MSME050-001,17,0
MSME050,LN-MSME050-001,18,0
MSME050,LN-MSME050-001,19,0
MSME050,LN-MSME050-001,20,0
MSME050,LN-MSME050-001,21,0
MSME050,LN-MSME050-001,22,0
MSME050,LN-MSME050-001,23,0
MSME051,LN-MSME051-001,0,0
MSME051,LN-MSME051-001,1,0
MSME051,LN-MSME051-001,2,0
MSME051,LN-MSME051-001,3,0
MSME051,LN-MSME051-001,4,0
MSME051,LN-MSME051-001,5,0
MSME051,LN-MSME051-001,6,0
MSME051,LN-MSME051-001,7,0
MSME051,LN-MSME051-001,8,0
MSME051,LN-MSME051-001,9,0
MSME051,LN-MSME051-001,10,0
MSME051,LN-MSME051-001,11,0
MSME051,LN-MSME051-001,12,0
MSME051,LN-MSME051-001,13,0
MSME051,LN-MSME051-001,14,0
MSME051,LN-MSME051-001,15,0
MSME051,LN-MSME051-001,16,0
MSME051,LN-MSME051-001,17,0
MSME051,LN-MSME051-001,18,0
MSME051,LN-MSME051-001,19,0
MSME051,LN-MSME051-001,20,0
MSME051,LN-MSME051-001,21,0
MSME051,LN-MSME051-001,22,0
MSME051,LN-MSME051-001,23,0
MSME052,LN-MSME052-001,0,0
MSME052,LN-MSME052-001,1,0
MSME052,LN-MSME052-001,2,1
MSME052,LN-MSME052-001,3,1
MSME052,LN-MSME052-001,4,1
MSME052,LN-MSME052-001,5,1
MSME052,LN-MSME052-001,6,1
MSME052,LN-MSME052-001,7,1
MSME052,LN-MSME052-001,8,1
MSME052,LN-MSME052-001,9,1
MSME052,LN-MSME052-001,10,1
MSME052,LN-MSME052-001,11,1
MSME052,LN-MSME052-001,12,1
MSME052,LN-MSME052-001,13,1
MSME052,LN-MSME052-001,14,1
MSME052,LN-MSME052-001,15,1
MSME052,LN-MSME052-001,16,1
MSME052,LN-MSME052-001,17,1
MSME052,LN-MSME052-001,18,1
MSME052,LN-MSME052-001,19,1
MSME052,LN-MSME052-001,20,1
MSME052,LN-MSME052-001,21,1
MSME052,LN-MSME052-001,22,1
MSME052,LN-MSME052-001,23,0
MSME053,LN-MSME053-001,0,0
MSME053,LN-MSME053-001,1,0
MSME053,LN-MSME053-001,2,0
MSME053,LN-MSME053-001,3,0
MSME053,LN-MSME053-001,4,0
MSME053,LN-MSME053-001,5,0
MSME053,LN-MSME053-001,6,0
MSME053,LN-MSME053-001,7,0
MSME053,LN-MSME053-001,8,0
MSME053,LN-MSME053-001,9,0
MSME053,LN-MSME053-001,10,0
MSME053,LN-MSME053-001,11,0
MSME053,LN-MSME053-001,12,0
MSME053,LN-MSME053-001,13,0
MSME053,LN-MSME053-001,14,0
MSME053,LN-MSME053-001,15,0
MSME053,LN-MSME053-001,16,0
MSME053,LN-MSME053-001,17,0
MSME053,LN-MSME053-001,18,0
MSME053,LN-MSME053-001,19,0
MSME053,LN-MSME053-001,20,0
MSME053,LN-MSME053-001,21,0
MSME053,LN-MSME053-001,22,0
MSME053,LN-MSME053-001,23,0
MSME054,LN-MSME054-001,0,0
MSME054,LN-MSME054-001,1,0
MSME054,LN-MSME054-001,2,0
MSME054,LN-MSME054-001,3,0
MSME054,LN-MSME054-001,4,0
MSME054,LN-MSME054-001,5,0
MSME054,LN-MSME054-001,6,0
MSME054,LN-MSME054-001,7,0
MSME054,LN-MSME054-001,8,0
MSME054,LN-MSME054-001,9,0
MSME054,LN-MSME054-001,10,0
MSME054,LN-MSME054-001,11,0
MSME054,LN-MSME054-001,12,0
MSME054,LN-MSME054-001,13,0
MSME054,LN-MSME054-001,14,0
MSME054,LN-MSME054-001,15,0
MSME054,LN-MSME054-001,16,0
MSME054,LN-MSME054-001,17,0
MSME054,LN-MSME054-001,18,0
MSME054,LN-MSME054-001,19,0
MSME054,LN-MSME054-001,20,0
MSME054,LN-MSME054-001,21,0
MSME054,LN-MSME054-001,22,0
MSME054,LN-MSME054-001,23,0
MSME055,LN-MSME055-001,0,0
MSME055,LN-MSME055-001,1,0
MSME055,LN-MSME055-001,2,0
MSME055,LN-MSME055-001,3,0
MSME055,LN-MSME055-001,4,0
MSME055,LN-MSME055-001,5,0
MSME055,LN-MSME055-001,6,0
MSME055,LN-MSME055-001,7,0
MSME055,LN-MSME055-001,8,0
MSME055,LN-MSME055-001,9,0
MSME055,LN-MSME055-001,10,0
MSME055,LN-MSME055-001,11,0
MSME055,LN-MSME055-001,12,0
MSME055,LN-MSME055-001,13,0
MSME055,LN-MSME055-001,14,0
MSME055,LN-MSME055-001,15,0
MSME055,LN-MSME055-001,16,0
MSME055,LN-MSME055-001,17,0
MSME055,LN-MSME055-001,18,0
MSME055,LN-MSME055-001,19,0
MSME055,LN-MSME055-001,20,0
MSME055,LN-MSME055-001,21,0
MSME055,LN-MSME055-001,22,0
MSME055,LN-MSME055-001,23,0
MSME056,LN-MSME056-001,0,0
MSME056,LN-MSME056-001,1,0
MSME056,LN-MSME056-001,2,1
MSME056,LN-MSME056-001,3,1
MSME056,LN-MSME056-001,4,1
MSME056,LN-MSME056-001,5,1
MSME056,LN-MSME056-001,6,1
MSME056,LN-MSME056-001,7,1
MSME056,LN-MSME056-001,8,1
MSME056,LN-MSME056-001,9,1
MSME056,LN-MSME056-001,10,1
MSME056,LN-MSME056-001,11,1
MSME056,LN-MSME056-001,12,1
MSME056,LN-MSME056-001,13,1
MSME056,LN-MSME056-001,14,1
MSME056,LN-MSME056-001,15,1
MSME056,LN-MSME056-001,16,1
MSME056,LN-MSME056-001,17,1
MSME056,LN-MSME056-001,18,1
MSME056,LN-MSME056-001,19,1
MSME056,LN-MSME056-001,20,1
MSME056,LN-MSME056-001,21,1
MSME056,LN-MSME056-001,22,1
MSME056,LN-MSME056-001,23,0
MSME057,LN-MSME057-001,0,0
MSME057,LN-MSME057-001,1,0
MSME057,LN-MSME057-001,2,0
MSME057,LN-MSME057-001,3,0
MSME057,LN-MSME057-001,4,0
MSME057,LN-MSME057-001,5,0
MSME057,LN-MSME057-001,6,0
MSME057,LN-MSME057-001,7,0
MSME057,LN-MSME057-001,8,0
MSME057,LN-MSME057-001,9,0
MSME057,LN-MSME057-001,10,0
MSME057,LN-MSME057-001,11,0
MSME057,LN-MSME057-001,12,0
MSME057,LN-MSME057-001,13,0
MSME057,LN-MSME057-001,14,0
MSME057,LN-MSME057-001,15,0
MSME057,LN-MSME057-001,16,0
MSME057,LN-MSME057-001,17,0
MSME057,LN-MSME057-001,18,0
MSME057,LN-MSME057-001,19,0
MSME057,LN-MSME057-001,20,0
MSME057,LN-MSME057-001,21,0
MSME057,LN-MSME057-001,22,0
MSME057,LN-MSME057-001,23,0
MSME058,LN-MSME058-001,0,0
MSME058,LN-MSME058-001,1,0
MSME058,LN-MSME058-001,2,0
MSME058,LN-MSME058-001,3,0
MSME058,LN-MSME058-001,4,0
MSME058,LN-MSME058-001,5,0
MSME058,LN-MSME058-001,6,0
MSME058,LN-MSME058-001,7,0
MSME058,LN-MSME058-001,8,0
MSME058,LN-MSME058-001,9,0
MSME058,LN-MSME058-001,10,0
MSME058,LN-MSME058-001,11,0
MSME058,LN-MSME058-001,12,0
MSME058,LN-MSME058-001,13,0
MSME058,LN-MSME058-001,14,0
MSME058,LN-MSME058-001,15,0
MSME058,LN-MSME058-001,16,0
MSME058,LN-MSME058-001,17,0
MSME058,LN-MSME058-001,18,0
MSME058,LN-MSME058-001,19,0
MSME058,LN-MSME058-001,20,0
MSME058,LN-MSME058-001,21,0
MSME058,LN-MSME058-001,22,0
MSME058,LN-MSME058-001,23,0
MSME059,LN-MSME059-001,0,0
MSME059,LN-MSME059-001,1,0
MSME059,LN-MSME059-001,2,1
MSME059,LN-MSME059-001,3,1
MSME059,LN-MSME059-001,4,1
MSME059,LN-MSME059-001,5,1
MSME059,LN-MSME059-001,6,1
MSME059,LN-MSME059-001,7,1
MSME059,LN-MSME059-001,8,1
MSME059,LN-MSME059-001,9,1
MSME059,LN-MSME059-001,10,1
MSME059,LN-MSME059-001,11,1
MSME059,LN-MSME059-001,12,1
MSME059,LN-MSME059-001,13,1
MSME059,LN-MSME059-001,14,1
MSME059,LN-MSME059-001,15,1
MSME059,LN-MSME059-001,16,1
MSME059,LN-MSME059-001,17,1
MSME059,LN-MSME059-001,18,1
MSME059,LN-MSME059-001,19,1
MSME059,LN-MSME059-001,20,1
MSME059,LN-MSME059-001,21,1
MSME059,LN-MSME059-001,22,1
MSME059,LN-MSME059-001,23,0
MSME060,LN-MSME060-001,0,0
MSME060,LN-MSME060-001,1,0
MSME060,LN-MSME060-001,2,1
MSME060,LN-MSME060-001,3,1
MSME060,LN-MSME060-001,4,1
MSME060,LN-MSME060-001,5,1
MSME060,LN-MSME060-001,6,1
MSME060,LN-MSME060-001,7,1
MSME060,LN-MSME060-001,8,1
MSME060,LN-MSME060-001,9,1
MSME060,LN-MSME060-001,10,1
MSME060,LN-MSME060-001,11,1
MSME060,LN-MSME060-001,12,1
MSME060,LN-MSME060-001,13,1
MSME060,LN-MSME060-001,14,1
MSME060,LN-MSME060-001,15,1
MSME060,LN-MSME060-001,16,1
MSME060,LN-MSME060-001,17,1
MSME060,LN-MSME060-001,18,1
MSME060,LN-MSME060-001,19,1
MSME060,LN-MSME060-001,20,1
MSME060,LN-MSME060-001,21,1
MSME060,LN-MSME060-001,22,1
MSME060,LN-MSME060-001,23,0
MSME061,LN-MSME061-001,0,0
MSME061,LN-MSME061-001,1,0
MSME061,LN-MSME061-001,2,0
MSME061,LN-MSME061-001,3,0
MSME061,LN-MSME061-001,4,0
MSME061,LN-MSME061-001,5,0
MSME061,LN-MSME061-001,6,0
MSME061,LN-MSME061-001,7,0
MSME061,LN-MSME061-001,8,0
MSME061,LN-MSME061-001,9,0
MSME061,LN-MSME061-001,10,0
MSME061,LN-MSME061-001,11,0
MSME061,LN-MSME061-001,12,0
MSME061,LN-MSME061-001,13,0
MSME061,LN-MSME061-001,14,0
MSME061,LN-MSME061-001,15,0
MSME061,LN-MSME061-001,16,0
MSME061,LN-MSME061-001,17,0
MSME061,LN-MSME061-001,18,0
MSME061,LN-MSME061-001,19,0
MSME061,LN-MSME061-001,20,0
MSME061,LN-MSME061-001,21,0
MSME061,LN-MSME061-001,22,0
MSME061,LN-MSME061-001,23,0
MSME062,LN-MSME062-001,0,0
MSME062,LN-MSME062-001,1,0
MSME062,LN-MSME062-001,2,1
MSME062,LN-MSME062-001,3,1
MSME062,LN-MSME062-001,4,1
MSME062,LN-MSME062-001,5,1
MSME062,LN-MSME062-001,6,1
MSME062,LN-MSME062-001,7,1
MSME062,LN-MSME062-001,8,1
MSME062,LN-MSME062-001,9,1
MSME062,LN-MSME062-001,10,1
MSME062,LN-MSME062-001,11,1
MSME062,LN-MSME062-001,12,1
MSME062,LN-MSME062-001,13,1
MSME062,LN-MSME062-001,14,1
MSME062,LN-MSME062-001,15,1
MSME062,LN-MSME062-001,16,1
MSME062,LN-MSME062-001,17,1
MSME062,LN-MSME062-001,18,1
MSME062,LN-MSME062-001,19,1
MSME062,LN-MSME062-001,20,1
MSME062,LN-MSME062-001,21,1
MSME062,LN-MSME062-001,22,1
MSME062,LN-MSME062-001,23,0
MSME063,LN-MSME063-001,0,0
MSME063,LN-MSME063-001,1,0
MSME063,LN-MSME063-001,2,1
MSME063,LN-MSME063-001,3,1
MSME063,LN-MSME063-001,4,1
MSME063,LN-MSME063-001,5,1
MSME063,LN-MSME063-001,6,1
MSME063,LN-MSME063-001,7,1
MSME063,LN-MSME063-001,8,1
MSME063,LN-MSME063-001,9,1
MSME063,LN-MSME063-001,10,1
MSME063,LN-MSME063-001,11,1
MSME063,LN-MSME063-001,12,1
MSME063,LN-MSME063-001,13,1
MSME063,LN-MSME063-001,14,1
MSME063,LN-MSME063-001,15,1
MSME063,LN-MSME063-001,16,1
MSME063,LN-MSME063-001,17,1
MSME063,LN-MSME063-001,18,1
MSME063,LN-MSME063-001,19,1
MSME063,LN-MSME063-001,20,1
MSME063,LN-MSME063-001,21,1
MSME063,LN-MSME063-001,22,1
MSME063,LN-MSME063-001,23,0
MSME064,LN-MSME064-001,0,0
MSME064,LN-MSME064-001,1,0
MSME064,LN-MSME064-001,2,0
MSME064,LN-MSME064-001,3,0
MSME064,LN-MSME064-001,4,0
MSME064,LN-MSME064-001,5,0
MSME064,LN-MSME064-001,6,0
MSME064,LN-MSME064-001,7,0
MSME064,LN-MSME064-001,8,0
MSME064,LN-MSME064-001,9,0
MSME064,LN-MSME064-001,10,0
MSME064,LN-MSME064-001,11,0
MSME064,LN-MSME064-001,12,0
MSME064,LN-MSME064-001,13,0
MSME064,LN-MSME064-001,14,0
MSME064,LN-MSME064-001,15,0
MSME064,LN-MSME064-001,16,0
MSME064,LN-MSME064-001,17,0
MSME064,LN-MSME064-001,18,0
MSME064,LN-MSME064-001,19,0
MSME064,LN-MSME064-001,20,0
MSME064,LN-MSME064-001,21,0
MSME064,LN-MSME064-001,22,0
MSME064,LN-MSME064-001,23,0
MSME065,LN-MSME065-001,0,0
MSME065,LN-MSME065-001,1,0
MSME065,LN-MSME065-001,2,0
MSME065,LN-MSME065-001,3,0
MSME065,LN-MSME065-001,4,0
MSME065,LN-MSME065-001,5,0
MSME065,LN-MSME065-001,6,0
MSME065,LN-MSME065-001,7,0
MSME065,LN-MSME065-001,8,0
MSME065,LN-MSME065-001,9,0
MSME065,LN-MSME065-001,10,0
MSME065,LN-MSME065-001,11,0
MSME065,LN-MSME065-001,12,0
MSME065,LN-MSME065-001,13,0
MSME065,LN-MSME065-001,14,0
MSME065,LN-MSME065-001,15,0
MSME065,LN-MSME065-001,16,0
MSME065,LN-MSME065-001,17,0
MSME065,LN-MSME065-001,18,0
MSME065,LN-MSME065-001,19,0
MSME065,LN-MSME065-001,20,0
MSME065,LN-MSME065-001,21,0
MSME065,LN-MSME065-001,22,0
MSME065,LN-MSME065-001,23,0
MSME066,LN-MSME066-001,0,0
MSME066,LN-MSME066-001,1,0
MSME066,LN-MSME066-001,2,1
MSME066,LN-MSME066-001,3,1
MSME066,LN-MSME066-001,4,1
MSME066,LN-MSME066-001,5,1
MSME066,LN-MSME066-001,6,1
MSME066,LN-MSME066-001,7,1
MSME066,LN-MSME066-001,8,1
MSME066,LN-MSME066-001,9,1
MSME066,LN-MSME066-001,10,1
MSME066,LN-MSME066-001,11,1
MSME066,LN-MSME066-001,12,1
MSME066,LN-MSME066-001,13,1
MSME066,LN-MSME066-001,14,1
MSME066,LN-MSME066-001,15,1
MSME066,LN-MSME066-001,16,1
MSME066,LN-MSME066-001,17,1
MSME066,LN-MSME066-001,18,1
MSME066,LN-MSME066-001,19,1
MSME066,LN-MSME066-001,20,1
MSME066,LN-MSME066-001,21,1
MSME066,LN-MSME066-001,22,1
MSME066,LN-MSME066-001,23,0
MSME067,LN-MSME067-001,0,0
MSME067,LN-MSME067-001,1,0
MSME067,LN-MSME067-001,2,0
MSME067,LN-MSME067-001,3,0
MSME067,LN-MSME067-001,4,0
MSME067,LN-MSME067-001,5,0
MSME067,LN-MSME067-001,6,0
MSME067,LN-MSME067-001,7,0
MSME067,LN-MSME067-001,8,0
MSME067,LN-MSME067-001,9,0
MSME067,LN-MSME067-001,10,0
MSME067,LN-MSME067-001,11,0
MSME067,LN-MSME067-001,12,0
MSME067,LN-MSME067-001,13,0
MSME067,LN-MSME067-001,14,0
MSME067,LN-MSME067-001,15,0
MSME067,LN-MSME067-001,16,0
MSME067,LN-MSME067-001,17,0
MSME067,LN-MSME067-001,18,0
MSME067,LN-MSME067-001,19,0
MSME067,LN-MSME067-001,20,0
MSME067,LN-MSME067-001,21,0
MSME067,LN-MSME067-001,22,0
MSME067,LN-MSME067-001,23,0
MSME068,LN-MSME068-001,0,0
MSME068,LN-MSME068-001,1,0
MSME068,LN-MSME068-001,2,0
MSME068,LN-MSME068-001,3,0
MSME068,LN-MSME068-001,4,0
MSME068,LN-MSME068-001,5,0
MSME068,LN-MSME068-001,6,0
MSME068,LN-MSME068-001,7,0
MSME068,LN-MSME068-001,8,0
MSME068,LN-MSME068-001,9,0
MSME068,LN-MSME068-001,10,0
MSME068,LN-MSME068-001,11,0
MSME068,LN-MSME068-001,12,0
MSME068,LN-MSME068-001,13,0
MSME068,LN-MSME068-001,14,0
MSME068,LN-MSME068-001,15,0
MSME068,LN-MSME068-001,16,0
MSME068,LN-MSME068-001,17,0
MSME068,LN-MSME068-001,18,0
MSME068,LN-MSME068-001,19,0
MSME068,LN-MSME068-001,20,0
MSME068,LN-MSME068-001,21,0
MSME068,LN-MSME068-001,22,0
MSME068,LN-MSME068-001,23,0
MSME069,LN-MSME069-001,0,0
MSME069,LN-MSME069-001,1,0
MSME069,LN-MSME069-001,2,0
MSME069,LN-MSME069-001,3,0
MSME069,LN-MSME069-001,4,0
MSME069,LN-MSME069-001,5,0
MSME069,LN-MSME069-001,6,0
MSME069,LN-MSME069-001,7,0
MSME069,LN-MSME069-001,8,0
MSME069,LN-MSME069-001,9,0
MSME069,LN-MSME069-001,10,0
MSME069,LN-MSME069-001,11,0
MSME069,LN-MSME069-001,12,0
MSME069,LN-MSME069-001,13,0
MSME069,LN-MSME069-001,14,0
MSME069,LN-MSME069-001,15,0
MSME069,LN-MSME069-001,16,0
MSME069,LN-MSME069-001,17,0
MSME069,LN-MSME069-001,18,0
MSME069,LN-MSME069-001,19,0
MSME069,LN-MSME069-001,20,0
MSME069,LN-MSME069-001,21,0
MSME069,LN-MSME069-001,22,0
MSME069,LN-MSME069-001,23,0
MSME070,LN-MSME070-001,0,0
MSME070,LN-MSME070-001,1,0
MSME070,LN-MSME070-001,2,0
MSME070,LN-MSME070-001,3,0
MSME070,LN-MSME070-001,4,0
MSME070,LN-MSME070-001,5,0
MSME070,LN-MSME070-001,6,0
MSME070,LN-MSME070-001,7,0
MSME070,LN-MSME070-001,8,0
MSME070,LN-MSME070-001,9,0
MSME070,LN-MSME070-001,10,0
MSME070,LN-MSME070-001,11,0
MSME070,LN-MSME070-001,12,0
MSME070,LN-MSME070-001,13,0
MSME070,LN-MSME070-001,14,0
MSME070,LN-MSME070-001,15,0
MSME070,LN-MSME070-001,16,0
MSME070,LN-MSME070-001,17,0
MSME070,LN-MSME070-001,18,0
MSME070,LN-MSME070-001,19,0
MSME070,LN-MSME070-001,20,0
MSME070,LN-MSME070-001,21,0
MSME070,LN-MSME070-001,22,0
MSME070,LN-MSME070-001,23,0
MSME071,LN-MSME071-001,0,0
MSME071,LN-MSME071-001,1,0
MSME071,LN-MSME071-001,2,1
MSME071,LN-MSME071-001,3,1
MSME071,LN-MSME071-001,4,1
MSME071,LN-MSME071-001,5,1
MSME071,LN-MSME071-001,6,1
MSME071,LN-MSME071-001,7,1
MSME071,LN-MSME071-001,8,1
MSME071,LN-MSME071-001,9,1
MSME071,LN-MSME071-001,10,1
MSME071,LN-MSME071-001,11,1
MSME071,LN-MSME071-001,12,1
MSME071,LN-MSME071-001,13,1
MSME071,LN-MSME071-001,14,1
MSME071,LN-MSME071-001,15,1
MSME071,LN-MSME071-001,16,1
MSME071,LN-MSME071-001,17,1
MSME071,LN-MSME071-001,18,1
MSME071,LN-MSME071-001,19,1
MSME071,LN-MSME071-001,20,1
MSME071,LN-MSME071-001,21,1
MSME071,LN-MSME071-001,22,1
MSME071,LN-MSME071-001,23,0
MSME072,LN-MSME072-001,0,0
MSME072,LN-MSME072-001,1,0
MSME072,LN-MSME072-001,2,1
MSME072,LN-MSME072-001,3,1
MSME072,LN-MSME072-001,4,1
MSME072,LN-MSME072-001,5,1
MSME072,LN-MSME072-001,6,1
MSME072,LN-MSME072-001,7,1
MSME072,LN-MSME072-001,8,1
MSME072,LN-MSME072-001,9,1
MSME072,LN-MSME072-001,10,1
MSME072,LN-MSME072-001,11,1
MSME072,LN-MSME072-001,12,1
MSME072,LN-MSME072-001,13,1
MSME072,LN-MSME072-001,14,1
MSME072,LN-MSME072-001,15,1
MSME072,LN-MSME072-001,16,1
MSME072,LN-MSME072-001,17,1
MSME072,LN-MSME072-001,18,1
MSME072,LN-MSME072-001,19,1
MSME072,LN-MSME072-001,20,1
MSME072,LN-MSME072-001,21,1
MSME072,LN-MSME072-001,22,1
MSME072,LN-MSME072-001,23,0
MSME073,LN-MSME073-001,0,0
MSME073,LN-MSME073-001,1,0
MSME073,LN-MSME073-001,2,0
MSME073,LN-MSME073-001,3,0
MSME073,LN-MSME073-001,4,0
MSME073,LN-MSME073-001,5,0
MSME073,LN-MSME073-001,6,0
MSME073,LN-MSME073-001,7,0
MSME073,LN-MSME073-001,8,0
MSME073,LN-MSME073-001,9,0
MSME073,LN-MSME073-001,10,0
MSME073,LN-MSME073-001,11,0
MSME073,LN-MSME073-001,12,0
MSME073,LN-MSME073-001,13,0
MSME073,LN-MSME073-001,14,0
MSME073,LN-MSME073-001,15,0
MSME073,LN-MSME073-001,16,0
MSME073,LN-MSME073-001,17,0
MSME073,LN-MSME073-001,18,0
MSME073,LN-MSME073-001,19,0
MSME073,LN-MSME073-001,20,0
MSME073,LN-MSME073-001,21,0
MSME073,LN-MSME073-001,22,0
MSME073,LN-MSME073-001,23,0
MSME074,LN-MSME074-001,0,0
MSME074,LN-MSME074-001,1,0
MSME074,LN-MSME074-001,2,0
MSME074,LN-MSME074-001,3,0
MSME074,LN-MSME074-001,4,0
MSME074,LN-MSME074-001,5,0
MSME074,LN-MSME074-001,6,0
MSME074,LN-MSME074-001,7,0
MSME074,LN-MSME074-001,8,0
MSME074,LN-MSME074-001,9,0
MSME074,LN-MSME074-001,10,0
MSME074,LN-MSME074-001,11,0
MSME074,LN-MSME074-001,12,0
MSME074,LN-MSME074-001,13,0
MSME074,LN-MSME074-001,14,0
MSME074,LN-MSME074-001,15,0
MSME074,LN-MSME074-001,16,0
MSME074,LN-MSME074-001,17,0
MSME074,LN-MSME074-001,18,0
MSME074,LN-MSME074-001,19,0
MSME074,LN-MSME074-001,20,0
MSME074,LN-MSME074-001,21,0
MSME074,LN-MSME074-001,22,0
MSME074,LN-MSME074-001,23,0
MSME075,LN-MSME075-001,0,0
MSME075,LN-MSME075-001,1,0
MSME075,LN-MSME075-001,2,1
MSME075,LN-MSME075-001,3,1
MSME075,LN-MSME075-001,4,1
MSME075,LN-MSME075-001,5,1
MSME075,LN-MSME075-001,6,1
MSME075,LN-MSME075-001,7,1
MSME075,LN-MSME075-001,8,1
MSME075,LN-MSME075-001,9,1
MSME075,LN-MSME075-001,10,1
MSME075,LN-MSME075-001,11,1
MSME075,LN-MSME075-001,12,1
MSME075,LN-MSME075-001,13,1
MSME075,LN-MSME075-001,14,1
MSME075,LN-MSME075-001,15,1
MSME075,LN-MSME075-001,16,1
MSME075,LN-MSME075-001,17,1
MSME075,LN-MSME075-001,18,1
MSME075,LN-MSME075-001,19,1
MSME075,LN-MSME075-001,20,1
MSME075,LN-MSME075-001,21,1
MSME075,LN-MSME075-001,22,1
MSME075,LN-MSME075-001,23,0
